{"cameraMode":{"drawMode":0,"name":"Shaded","section":"Shading Mode"},"sceneLighting":false,"audioPlay":false,"sceneViewState":{"showFog":true,"showMaterialUpdate":false,"showSkybox":false,"showFlares":true,"showImageEffects":true,"showParticleSystems":true},"in2DMode":false,"pivot":{"x":0.016892634332180024,"y":2.3583388328552248,"z":0.355072021484375},"rotation":{"x":-0.3386198878288269,"y":0.5161474943161011,"z":-0.23254933953285218,"w":-0.7515736222267151},"size":0.3658488988876343,"orthographic":false}