{"cameraMode":{"drawMode":0,"name":"Shaded","section":"Shading Mode"},"sceneLighting":false,"audioPlay":false,"sceneViewState":{"showFog":true,"showMaterialUpdate":false,"showSkybox":false,"showFlares":true,"showImageEffects":true,"showParticleSystems":true},"in2DMode":false,"pivot":{"x":0.03960386663675308,"y":-0.1251348853111267,"z":0.3885117471218109},"rotation":{"x":-0.24260683357715608,"y":0.5566750764846802,"z":-0.17422132194042207,"w":-0.7751885056495667},"size":0.6689867973327637,"orthographic":false}