{"cameraMode":{"drawMode":0,"name":"Shaded","section":"Shading Mode"},"sceneLighting":true,"audioPlay":false,"sceneViewState":{"showFog":true,"showMaterialUpdate":false,"showSkybox":true,"showFlares":true,"showImageEffects":true,"showParticleSystems":true},"in2DMode":false,"pivot":{"x":-16.953859329223634,"y":-11.794181823730469,"z":-15.008384704589844},"rotation":{"x":-0.10513843595981598,"y":0.8841750621795654,"z":-0.23918123543262483,"w":-0.3875124752521515},"size":15.786901473999024,"orthographic":false}